algorithm,distance_mean,distance_min,distance_max,distance_std,time_mean,time_min,time_max,time_std
2-opt,inf,562.5583891980583,inf,,0.3510177583336069,3.1299998227041215e-05,0.8971727000025567,0.30947804193200346
"Ant Colony (ants=20, α=1.0, β=3.0)",inf,587.1219848108987,inf,,3.5634444916668144,5.999999848427251e-05,6.991406400000415,2.401236440976566
Christofides,inf,625.3394733114384,inf,,0.15371137500036033,0.00021049999850220047,0.3626813000009861,0.11480113346795527
"Genetic Algorithm (pop=100, mut=0.05, cx=OX)",inf,600.3552242472392,inf,,1.275523733332496,0.00014739999824087135,2.2739400999998907,0.8093523936655767
Nearest Neighbor,inf,605.8650200441633,inf,,0.03226293333409558,1.5400000847876072e-05,0.07385040000008303,0.024798864656805263
"Simulated Annealing (T=1000, α=0.98)",inf,651.8746374538385,inf,,0.03555202499986384,8.600000001024455e-05,0.06687790000069072,0.024673161596263364
