meta_initial_temperature,avg_distance,std_distance,min_distance,avg_time,std_time
100,423.5152192981089,49.320501910755794,367.5782061643623,0.006915599997834458,0.0005167366353078599
500,409.494010037471,38.160322109501536,367.5782061643623,0.0077884333331894595,0.0006488241691909464
1000,403.49791376181855,37.40022683692697,367.5782061643623,0.008515399999547904,0.0010926539987120923
5000,423.9654159268223,49.83376558652573,367.5782061643623,0.009588666666483428,0.0010585761267149984
10000,423.9654159268223,49.83376558652573,367.5782061643623,0.009604999998070221,0.0010004751473062991
