meta_initial_temperature,avg_distance,std_distance,min_distance,avg_time,std_time
100,423.5152192981089,49.320501910755794,367.5782061643623,0.00663186666497495,0.00012167650784171698
500,409.494010037471,38.160322109501536,367.5782061643623,0.007421733336135124,0.00046085850600488927
1000,403.49791376181855,37.40022683692697,367.5782061643623,0.0073767333330276115,0.00027770229269367643
5000,423.9654159268223,49.83376558652573,367.5782061643623,0.008159333333120836,0.0004347945554125949
10000,423.9654159268223,49.83376558652573,367.5782061643623,0.00836900000043291,0.00044264503796510803
