meta_num_ants,avg_distance,std_distance,min_distance,avg_time,std_time
5,381.3257685009314,13.400002179063144,367.5782061643623,0.06192633333315219,0.004306185946229123
10,381.3257685009314,13.400002179063128,367.5782061643623,0.11813906666551095,0.005271465116323828
20,381.3257685009314,13.400002179063128,367.5782061643623,0.23959906666277675,0.011515599280288535
30,381.3257685009314,13.400002179063128,367.5782061643623,0.3512317999993684,0.015519533953007134
50,381.3257685009314,13.400002179063128,367.5782061643623,0.6093769333359281,0.01817841584114766
