meta_num_ants,avg_distance,std_distance,min_distance,avg_time,std_time
5,381.3257685009314,13.400002179063144,367.5782061643623,0.11258559999987483,0.04357269947726367
10,381.3257685009314,13.400002179063128,367.5782061643623,0.2463129666672709,0.0444676740317021
20,381.3257685009314,13.400002179063128,367.5782061643623,0.6054503000001811,0.03583271254668372
30,381.3257685009314,13.400002179063128,367.5782061643623,0.9917840999999802,0.049349034002097045
50,381.3257685009314,13.400002179063128,367.5782061643623,1.7185523333331123,0.12258124874340233
