meta_cooling_rate,avg_distance,std_distance,min_distance,avg_time,std_time
0.8,423.9654159268223,49.83376558652573,367.5782061643623,0.0008487666636938229,9.965973817988155e-05
0.9,423.9654159268223,49.83376558652573,367.5782061643623,0.001706533332859787,0.00031109291893454267
0.95,423.9654159268223,49.83376558652573,367.5782061643623,0.003249633332112959,0.00043170930837917914
0.98,403.49791376181855,37.40022683692697,367.5782061643623,0.007370433333562687,0.0005214333529109527
0.99,400.7938968733159,36.863248189183224,367.5782061643623,0.016361133333703037,0.0007756440972490715
