meta_cooling_rate,avg_distance,std_distance,min_distance,avg_time,std_time
0.8,731.8131791639183,104.8362004508207,620.328532873653,0.002214866668509785,0.0014054266553271185
0.9,731.8131791639183,104.8362004508207,620.328532873653,0.0025826000007024654,0.0002148525955476384
0.95,731.8131791639183,104.8362004508207,620.328532873653,0.0055048666666455874,0.00043395489388431413
0.98,731.8131791639183,104.8362004508207,620.328532873653,0.01387076666530144,0.0011659172998468405
0.99,731.8131791639183,104.8362004508207,620.328532873653,0.026428499998777017,0.000676395509271184
