meta_mutation_rate,avg_distance,std_distance,min_distance,avg_time,std_time
0.01,386.5046385331875,16.470539562093865,367.5782061643623,0.14359653333425135,0.0030888434908674413
0.05,389.63659711326414,20.120478942372806,367.5782061643623,0.15446436666388763,0.0072520868002735675
0.1,384.1241421852282,14.461505734035034,367.5782061643623,0.1518897999970553,0.0026942322979967674
0.2,383.3408026196741,14.004317991338898,367.5782061643623,0.15020186666758187,0.005431066144509254
0.3,392.3687388067929,23.862189360578437,367.5782061643623,0.18784836666600313,0.05935267126089813
