meta_mutation_rate,avg_distance,std_distance,min_distance,avg_time,std_time
0.01,663.0270350674665,94.3755869015108,574.4115273817051,0.2541493333313459,0.01051332929132091
0.05,670.0028279041994,95.12819732097326,577.4751647799501,0.24884213333280059,0.002870805134731231
0.1,653.0699169583846,73.13953851086936,574.6990339676532,0.24864039999617185,0.0037679256125933884
0.2,667.9962964366597,97.83919798042253,575.8588009125214,0.24854929999855813,0.003638597963020682
0.3,669.1172350947628,91.95828289436882,581.4487315851854,0.27122800000021624,0.03578296691369228
