meta_crossover_type,avg_distance,std_distance,min_distance,avg_time,std_time
CX,664.7367836423975,94.44406519414628,574.1484399884463,0.23794220000127098,0.03444614649694375
OX,670.0028279041994,95.12819732097326,577.4751647799501,0.25116303333440254,0.007728787040887869
PMX,570.0077851290954,32.9607342060017,544.4692296559273,0.19365803333494114,0.0020337596635799523
