meta_crossover_type,avg_distance,std_distance,min_distance,avg_time,std_time
CX,392.36873880679303,23.86218936057848,367.5782061643623,0.43641619999956066,0.033166770947109826
OX,389.63659711326414,20.120478942372806,367.5782061643623,0.39317816666637856,0.02054663134274876
PMX,1050.8995536668451,141.67730605849138,950.2991518859062,0.2036045666670058,0.13194209024942283
