algorithm,instance,run,distance,time
Held-Karp,euclidean_10_0,,255.89184535892608,0.011277099998551421
Branch and Bound,euclidean_10_0,,277.56909540620626,0.4237984999999753
Held-Karp,euclidean_10_1,,310.7513014867732,0.014517600000544917
Branch and Bound,euclidean_10_1,,342.9129033298489,0.6352678000002925
Held-Karp,euclidean_10_2,,284.63972631368836,0.010439599998790072
Branch and Bound,euclidean_10_2,,298.77175863393376,0.0005479999999806751
