meta_population_size,avg_distance,std_distance,min_distance,avg_time,std_time
20,394.9264475843654,24.80150462521201,367.5782061643623,0.09818856666728,0.02976846116610141
50,386.8285260392772,17.344888544074408,367.5782061643623,0.18555636666739397,0.035826753071010964
100,389.63659711326414,20.120478942372806,367.5782061643623,0.38734926666802494,0.017378891210843704
150,389.4817705991586,19.92106030758308,367.5782061643623,0.49887866666540504,0.013386977695122992
200,384.686108024451,14.857306889281073,367.5782061643623,0.6622928666668789,0.026666786667778906
