meta_population_size,avg_distance,std_distance,min_distance,avg_time,std_time
20,394.9264475843654,24.80150462521201,367.5782061643623,0.036010633336748775,0.0010927863945138661
50,386.8285260392772,17.344888544074408,367.5782061643623,0.07501893333149685,0.0013544098603100985
100,389.63659711326414,20.120478942372806,367.5782061643623,0.14163136666805562,0.0018877538089096758
150,389.4817705991586,19.92106030758308,367.5782061643623,0.2618707333337322,0.0921159519971912
200,384.686108024451,14.857306889281073,367.5782061643623,0.28372076666952734,0.02371188901987928
