meta_alpha,meta_beta,avg_distance,std_distance,min_distance,avg_time,std_time,alpha_beta_ratio
0.5,2.5,381.48557296125085,13.415812077862686,367.5782061643623,0.23961236666703675,0.022989511269714276,0.2
1.0,2.5,381.3257685009314,13.400002179063128,367.5782061643623,0.25044076666866505,0.03669560628241607,0.4
1.5,2.0,381.3257685009314,13.400002179063128,367.5782061643623,0.22890616666700225,0.0022930971363042817,0.75
2.0,1.5,381.3257685009314,13.400002179063128,367.5782061643623,0.2269054000013663,0.0021289706804622746,1.3333333333333333
2.5,1.0,381.8266094071546,13.46852574582332,367.5782061643623,0.23073143333264548,0.011003298003416413,2.5
