meta_alpha,meta_beta,avg_distance,std_distance,min_distance,avg_time,std_time,alpha_beta_ratio
0.5,2.5,381.48557296125085,13.415812077862686,367.5782061643623,0.5808933000007528,0.08444361905149576,0.2
1.0,2.5,381.3257685009314,13.400002179063128,367.5782061643623,0.5732904666668522,0.0466510959177822,0.4
1.5,2.0,381.3257685009314,13.400002179063128,367.5782061643623,0.6018364000010479,0.09490776328216557,0.75
2.0,1.5,381.3257685009314,13.400002179063128,367.5782061643623,0.6429873333327123,0.10812714956668498,1.3333333333333333
2.5,1.0,381.8266094071546,13.46852574582332,367.5782061643623,0.6520657666672681,0.13779762009287225,2.5
